num_of_consumers	AVG(elapsed)	std(elapsed)	records_size
1	112950.6	10139.9303863488	200
2	112820.6	3511.08448203685	200
4	107415.2	7539.64734984336	200
8	104188.4	13218.6518011483	200
